"player_team","position","ppr_points","ppr_adp","standard_points","standard_adp"
"Antonio Brown - PIT","WR",28.2448384615385,"1.365",18.5036,"1.615"
"Julio Jones - ATL","WR",25.8771230769231,"3.11",16.4985923076923,"4.7917"
"Odell Beckham - NYG","WR",24.4071076923077,"2.785",16.6128230769231,"3.5"
"DeAndre Hopkins - HOU","WR",23.0024230769231,"5.765",15.1158846153846,"9.2167"
"David Johnson - ARI","RB",21.9587461538462,"7.28",17.2435538461538,"7.1617"
"Todd Gurley - LA","RB",21.3207384615385,"5.215",17.9346846153846,"4.32"
"Dez Bryant - DAL","WR",21.1938692307692,"10.915",14.5413076923077,"12.38"
"Keenan Allen - SD","WR",21.1188384615385,"16.305",12.9722769230769,"28.5083"
"A.J. Green - CIN","WR",20.8343769230769,"7.65",14.0401692307692,"12.11"
"Brandon Marshall - NYJ","WR",20.6064076923077,"18.54",13.4509384615385,"22.0567"
"Jordy Nelson - GB","WR",20.4566769230769,"19.95",13.9060307692308,"18.955"
"Devonta Freeman - ATL","RB",20.0531615384615,"20.69",14.9323923076923,"16.5167"
"Lamar Miller - HOU","RB",20.0097384615385,"12.885",16.1228538461538,"14.4117"
"Alshon Jeffery - CHI","WR",20.2445461538462,"22.55",13.4620230769231,"24.975"
"Ezekiel Elliott - DAL","RB",19.8065538461538,"11.48",15.8292615384615,"8.53"
"Jamaal Charles - KC","RB",19.8061076923077,"22.175",15.8419615384615,"18.885"
"Rob Gronkowski - NE","TE",19.5960384615385,"12.335",13.5058461538462,"9.6217"
"Allen Robinson - JAC","WR",19.8945384615385,"10.575",13.8112615384615,"15.305"
"Adrian Peterson - MIN","RB",19.3407846153846,"12.38",16.2825538461538,"6.3867"
"Jarvis Landry - MIA","WR",19.2854846153846,"28.8",11.5519615384615,"46.6083"
"Mike Evans - TB","WR",19.2032153846154,"18.625",13.0263692307692,"25.4833"
"Brandin Cooks - NO","WR",19.1845230769231,"22.275",12.5452461538462,"29.815"
"Amari Cooper - OAK","WR",19.0388,"19.8",12.5753384615385,"25.0867"
"LeVeon Bell - PIT","RB",18.6099615384615,"13.605",14.2595461538462,"11.125"
"Mark Ingram - NO","RB",18.5903307692308,"27.85",14.2037,"24.745"
"Jordan Reed - WAS","TE",18.1995846153846,"40.055",11.3475846153846,"40.7833"
"Golden Tate - DET","WR",18.6261846153846,"39.245",11.4813692307692,"58.4683"
"LeSean McCoy - BUF","RB",18.1380461538462,"31.42",14.6169307692308,"26.405"
"Demaryius Thomas - DEN","WR",18.4434461538462,"27.93",11.7418153846154,"32.535"
"Cam Newton - CAR","QB",26.7524,"30.125",25.6447076923077,"20.9467"
"Sammy Watkins - BUF","WR",18.3223769230769,"28.9",12.4946153846154,"30.8483"
"T.Y. Hilton - IND","WR",18.2966923076923,"26.25",12.5120461538462,"35.76"
"Aaron Rodgers - GB","QB",26.4575538461538,"35.545",24.5190923076923,"25.7067"
"Randall Cobb - GB","WR",18.0185615384615,"33.55",11.8801230769231,"44.68"
"Julian Edelman - NE","WR",17.8402538461538,"39.535",10.7967384615385,"44.4733"
"Eric Decker - NYJ","WR",17.5873923076923,"50.17",11.6109615384615,"57.2117"
"Larry Fitzgerald - ARI","WR",17.5479846153846,"58.74",10.8075307692308,"64.63"
"Jeremy Maclin - KC","WR",17.4183076923077,"42.98",11.1808461538462,"52.8183"
"Russell Wilson - SEA","QB",25.6576230769231,"49.605",24.2960846153846,"39.74"
"Ben Roethlisberger - PIT","QB",25.5097461538462,"67.415",21.3789769230769,"55.35"
"Doug Baldwin - SEA","WR",17.1201307692308,"48.51",11.4552,"49.2033"
"Greg Olsen - CAR","TE",16.5455384615385,"49.82",10.6763615384615,"46.1333"
"Eddie Lacy - GB","RB",16.6602,"30.605",13.9192846153846,"22.8233"
"Doug Martin - TB","RB",16.5422692307692,"32.42",13.6471076923077,"22.15"
"Kelvin Benjamin - CAR","WR",16.6616692307692,"34.695",11.3088923076923,"40.84"
"Donte Moncrief - IND","WR",16.6329461538462,"44.195",10.8798307692308,"74.2083"
"Matt Forte - NYJ","RB",16.1909230769231,"46.85",12.4759,"40.9783"
"Andrew Luck - IND","QB",24.8336923076923,"45.795",22.8721538461538,"43.0033"
"Jordan Matthews - PHI","WR",16.2194769230769,"56.485",10.3250384615385,"77.775"
"Emmanuel Sanders - DEN","WR",16.1539461538462,"68.62",10.6339538461538,"71.9167"
"C.J. Anderson - DEN","RB",15.6912076923077,"41.19",12.7040846153846,"34.9433"
"Carlos Hyde - SF","RB",15.6555076923077,"43.83",12.5239076923077,"37.94"
"Dion Lewis - NE","RB",15.6403846153846,"50.935",10.7009230769231,"63.3717"
"Thomas Rawls - SEA","RB",15.6353307692308,"40.075",13.3481461538462,"36.4283"
"Danny Woodhead - SD","RB",15.6244384615385,"64.04",10.1391615384615,"88.69"
"Michael Crabtree - OAK","WR",15.9910461538462,"81.88",10.0735923076923,"96.2533"
"Delanie Walker - TEN","TE",15.4686846153846,"72.005",9.63959230769231,"72.6883"
"Drew Brees - NO","QB",24.1934923076923,"62.185",22.0011846153846,"55.3433"
"Michael Floyd - ARI","WR",15.6419307692308,"54.21",10.8535538461538,"61.2267"
"Latavius Murray - OAK","RB",15.0548307692308,"46.845",11.9015692307692,"45.6033"
"Jeremy Langford - CHI","RB",14.9990076923077,"66.4",11.6934076923077,"68.5783"
"DeMarco Murray - TEN","RB",14.8889615384615,"54.88",12.0394384615385,"53.85"
"Duke Johnson - CLE","RB",14.8234384615385,"58.285",9.97153846153846,"81.0067"
"John Brown - ARI","WR",15.1823769230769,"68.02",10.3514538461538,"76.4367"
"Travis Kelce - KC","TE",14.6539384615385,"66.325",9.02340769230769,"65.2567"
"Coby Fleener - NO","TE",14.6126461538462,"69.705",9.2183,"82.1083"
"Philip Rivers - SD","QB",23.2869692307692,"100.24",20.9100461538462,"103.9833"
"Tyler Lockett - SEA","WR",14.9470538461538,"69.92",9.95395384615385,"90.7533"
"Giovani Bernard - CIN","RB",14.4546230769231,"65.205",10.3411923076923,"82.765"
"Matt Jones - WAS","RB",14.2017230769231,"62.41",11.6152230769231,"62.935"
"Eli Manning - NYG","QB",22.7384615384615,"93.615",20.5923076923077,"90.64"
"Allen Hurns - JAC","WR",14.3953692307692,"66.83",9.71767692307692,"77.3483"
"Kirk Cousins - WAS","QB",22.6489615384615,"115.705",20.6181923076923,"120.1233"
"DeVante Parker - MIA","WR",14.3090307692308,"67.34",9.56954615384615,"83.3067"
"Arian Foster - MIA","RB",13.9357923076923,"65.905",10.6413692307692,"93.8717"
"Melvin Gordon - SD","RB",13.8548923076923,"79.625",10.5458538461538,"76.7633"
"Jeremy Hill - CIN","RB",13.7737692307692,"71.315",11.9512692307692,"55.9267"
"DeSean Jackson - WAS","WR",14.1114076923077,"91.46",9.74206153846154,"89.0617"
"Ryan Mathews - PHI","RB",13.7315230769231,"73.545",11.1978461538462,"59.28"
"Jonathan Stewart - CAR","RB",13.7064307692308,"77.04",11.7904384615385,"52.49"
"Blake Bortles - JAC","QB",22.3735692307692,"81.115",21.1043384615385,"81.015"
"Marvin Jones - DET","WR",14.0311538461538,"86.145",9.11030769230769,"101.9283"
"Panthers - CAR","DST",10.5235615384615,"136.59",10.5235615384615,"90.1233"
"Stephen Gostkowski - NE","K",11.9303153846154,"133.495",11.9303153846154,"109.415"
"Carson Palmer - ARI","QB",22.3160230769231,"84.085",20.5160230769231,"70.095"
"Ameer Abdullah - DET","RB",13.593,"85.35",10.6617384615385,"89.3583"
"Matthew Stafford - DET","QB",22.2741846153846,"123.625",20.1741846153846,"130.5067"
"Rashad Jennings - NYG","RB",13.5670384615385,"95.52",10.6724846153846,"100.0733"
"Willie Snead - NO","WR",13.8393769230769,"104.49",8.66608461538462,"123.185"
"Tavon Austin - LA","WR",13.8012230769231,"116.59",9.60256923076923,"121.2917"
"Frank Gore - IND","RB",13.4194384615385,"86.935",10.8710384615385,"84.8733"
"Stefon Diggs - MIN","WR",13.7522076923077,"98.515",8.96961538461538,"111.9883"
"Broncos - DEN","DST",10.2712923076923,"116.64",10.2712923076923,"82.5333"
"Kevin White - CHI","WR",13.5922384615385,"75.35",8.96706923076923,"90.9583"
"Torrey Smith - SF","WR",13.5465384615385,"109.05",9.24999230769231,"121.995"
"Jason Witten - DAL","TE",13.0142692307692,"149.15",7.63123076923077,"134.932"
"T.J. Yeldon - JAC","RB",13.0367923076923,"98.885",9.72734615384615,"96.2433"
"Zach Ertz - PHI","TE",12.8810538461538,"98.26",7.73616153846154,"106.485"
"Sterling Shepard - NYG","WR",13.3365384615385,"79.335",8.64143846153846,"95.0183"
"Gary Barnidge - CLE","TE",12.8383307692308,"101.415",8.2388,"92.6167"
"Justin Tucker - BAL","K",11.2621769230769,"160.045",11.2621769230769,"140.5917"
"Tyler Eifert - CIN","TE",12.7445307692308,"81.175",8.31065384615385,"71.4017"
"Cardinals - ARI","DST",9.69066153846154,"120.52",9.69066153846154,"98.36"
"Jameis Winston - TB","QB",21.4391384615385,"114.91",20.2852923076923,"120.6817"
"Chris Boswell - PIT","K",11.0480230769231,"181.435",11.0480230769231,"151.5233"
"Charles Sims - TB","RB",12.7077,"98.025",8.84876923076923,"113.1017"
"Chiefs - KC","DST",9.58884615384615,"150.64",9.58884615384615,"114.3267"
"Antonio Gates - SD","TE",12.5600076923077,"122.2",7.94115384615385,"116.86"
"Julius Thomas - JAC","TE",12.5154307692308,"94.27",7.96678461538462,"102.8967"
"Tyrod Taylor - BUF","QB",21.3094076923077,"126.225",20.4555615384615,"130.3767"
"Matt Ryan - ATL","QB",21.2654230769231,"137.505",18.8885,"136.5433"
"Theo Riddick - DET","RB",12.5310307692308,"109.435",7.55998461538462,"133.282"
"Steven Hauschka - SEA","K",10.7974461538462,"160.775",10.7974461538462,"133.04"
"Corey Coleman - CLE","WR",12.6918153846154,"87.54",8.1221,"104.4633"
"Vincent Jackson - TB","WR",12.6561615384615,"134.98",8.30170769230769,"134.1967"
"Andy Dalton - CIN","QB",20.9720615384615,"134.485",19.9566769230769,"123.7083"
"Graham Gano - CAR","K",10.5796846153846,"164.31",10.5796846153846,"132.9567"
"Justin Forsett - BAL","RB",12.2540692307692,"100.065",9.46446923076923,"104.605"
"Steelers - PIT","DST",9.14832307692308,"185.41",9.14832307692308,"151.2167"
"Derek Carr - OAK","QB",20.8883615384615,"99.07",19.7806692307692,"109.805"
"Vikings - MIN","DST",9.07917692307692,"161.49",9.07917692307692,"147.01"
"Rams - LA","DST",9.07348461538461,"167.14",9.07348461538461,"135.2333"
"Zach Miller - CHI","TE",12.0506384615385,"154.295",7.65750769230769,"148.118"
"Ryan Fitzpatrick - NYJ","QB",20.7958538461538,"153.365",19.7343153846154,"146.338"
"Martellus Bennett - NE","TE",11.9671384615385,"128.625",7.55590769230769,"134.0933"
"Texans - HOU","DST",8.98530769230769,"147.56",8.98530769230769,"111.3367"
"Blair Walsh - MIN","K",10.3516307692308,"181.44",10.3516307692308,"156.6167"
"Brandon McManus - DEN","K",10.3439923076923,"179.895",10.3439923076923,"153.82"
"Packers - GB","DST",8.9143,"192.12",8.9143,"157.22"
"Dan Bailey - DAL","K",10.2876384615385,"169.99",10.2876384615385,"143.4717"
"Jaguars - JAC","DST",8.84183846153846,"211.11",8.84183846153846,"164.1033"
"Eagles - PHI","DST",8.76150769230769,"194.69",8.76150769230769,"184.8633"
"Redskins - WAS","DST",8.74191538461539,"218",8.74191538461539,"158.565"
"Raiders - OAK","DST",8.68688461538462,"191.92",8.68688461538462,"161.4467"
"Cairo Santos - KC","K",10.0834923076923,"193",10.0834923076923,"165.0417"
"Alex Smith - KC","QB",20.4343923076923,"168.55",19.4882384615385,"149.9925"
"Patriots - NE","DST",8.63003846153846,"176.82",8.63003846153846,"141.8"
"Dwayne Allen - IND","TE",11.5973692307692,"131.04",7.44768461538462,"137.428"
"Chandler Catanzaro - ARI","K",10.0198846153846,"169.78",10.0198846153846,"149.7183"
"Bengals - CIN","DST",8.61252307692308,"178.92",8.61252307692308,"136.5133"
"Ryan Tannehill - MIA","QB",20.4065538461538,"153.75",19.1604,"144.09"
"Seahawks - SEA","DST",8.59012307692308,"129.29",8.59012307692308,"91.02"
"Colts - IND","DST",8.5563,"219.06",8.5563,"160.07"
"Mason Crosby - GB","K",9.91804615384615,"178.585",9.91804615384615,"157.9367"
"Sammie Coates - PIT","WR",11.8952,"109.605",7.80663076923077,"135.2683"
"Matt Bryant - ATL","K",9.83063846153846,"216.94",9.83063846153846,"151.3033"
"Travis Benjamin - SD","WR",11.8636076923077,"113.505",7.8953,"122.85"
"Steve Smith - BAL","WR",11.8622769230769,"134.76",7.49148461538462,"132.07"
"Shane Vereen - NYG","RB",11.4641461538462,"163.515",7.12652307692308,"161.3875"
"Josh Gordon - CLE","WR",11.8219307692308,"69.195",7.76153076923077,"110.5483"
"Bilal Powell - NYJ","RB",11.4486153846154,"121.69",7.95783846153846,"132.095"
"Darren Sproles - PHI","RB",11.4237153846154,"134.655",7.36454615384615,"141.6583"
"Tony Romo - DAL","QB",20.0923769230769,"126.06",19.0308384615385,"114.3317"
"Marcus Mariota - TEN","QB",20.0808846153846,"131.28",18.9962692307692,"124.016"
"Markus Wheaton - PIT","WR",11.7428153846154,"113.56",7.75572307692308,"123.7817"
"Matt Prater - DET","K",9.64587692307692,"null",9.64587692307692,"143.6833"
"Buccaneers - TB","DST",8.2366,"230.56",8.2366,"160.085"
"Jets - NYJ","DST",8.20819230769231,"184.17",8.20819230769231,"158.465"
"Robbie Gould - CHI","K",9.58984615384616,"212.03",9.58984615384616,"171.5125"
"Lions - DET","DST",8.17270769230769,"234.43",8.17270769230769,"160.02"
"Dan Carpenter - BUF","K",9.51426923076923,"null",9.51426923076923,"160.22"
"Pierre Garcon - WAS","WR",11.5228230769231,"163.2",7.17191538461538,"154.6975"
"Giants - NYG","DST",8.03684615384615,"213.73",8.03684615384615,"170"
"Mike Nugent - CIN","K",9.40058461538461,"null",9.40058461538461,"179.7725"
"Tom Brady - NE","QB",19.7809461538462,"74.54",17.8886384615385,"69.5867"
"Nick Folk - NYJ","K",9.38609230769231,"null",9.38609230769231,"147.9"
"Kamar Aiken - BAL","WR",11.4311461538462,"116.205",7.30163846153846,"137.514"
"Joe Flacco - BAL","QB",19.7539461538462,"163.535",18.5539461538462,"162.094"
"Laquon Treadwell - MIN","WR",11.3826384615385,"110.275",7.45446923076923,"118.76"
"Chargers - SD","DST",7.89813076923077,"null",7.89813076923077,"160.265"
"Nick Novak - HOU","K",9.29639230769231,"null",9.29639230769231,"151.4667"
"Charles Clay - BUF","TE",10.8475923076923,"174.88",6.62221538461539,"156.5825"
"Dustin Hopkins - WAS","K",9.27009230769231,"null",9.27009230769231,"159.89"
"Ladarius Green - PIT","TE",10.8372153846154,"118.04",6.95339230769231,"109.255"
"Josh Lambo - SD","K",9.24680769230769,"null",9.24680769230769,"152.5067"
"Jimmy Graham - SEA","TE",10.7586769230769,"121.19",6.70083846153846,"115.2017"
"Adam Vinatieri - IND","K",9.15226923076923,"182.015",9.15226923076923,"159.5483"
"Josh Brown - NYG","K",9.14435384615385,"187.965",9.14435384615385,"167.7783"
"Bills - BUF","DST",7.71267692307692,"199.83",7.71267692307692,"150.6"
"Eric Ebron - DET","TE",10.6582461538462,"141.555",6.57220769230769,"145.6533"
"Mohamed Sanu - ATL","WR",11.1055153846154,"137.985",7.04656923076923,"148.8633"
"Isaiah Crowell - CLE","RB",10.6256846153846,"124.645",9.01816923076923,"122.7933"
"Chris Ivory - JAC","RB",10.6175230769231,"98.44",8.82430769230769,"86.6467"
"Jay Cutler - CHI","QB",19.2367076923077,"169.41",18.0367076923077,"161.822"
"Titans - TEN","DST",7.41783846153846,"null",7.41783846153846,"160.29"
"Sebastian Janikowski - OAK","K",8.81677692307692,"190.78",8.81677692307692,"151.708"
"Bears - CHI","DST",7.39606923076923,"211.25",7.39606923076923,"160.08"
"Saints - NO","DST",7.38243846153846,"null",6.15166923076923,"160.175"
"Jason Myers - JAC","K",8.77394615384615,"null",8.77394615384615,"160.275"
"Phillip Dorsett - IND","WR",10.8028461538462,"133.85",6.90362307692308,"140.785"
"Dolphins - MIA","DST",7.3146,"224.93",7.3146,"159.805"
"Ravens - BAL","DST",7.26596153846154,"213.48",7.26596153846154,"145.365"
"Phil Dawson - SF","K",8.65258461538462,"null",8.65258461538462,"160.135"
"Falcons - ATL","DST",7.22597692307692,"null",7.22597692307692,"160.025"
"DeAngelo Williams - PIT","RB",10.3109538461538,"80.325",8.41554615384615,"92.1367"
"Michael Thomas - NO","WR",10.6572230769231,"111.885",6.89316923076923,"126.8333"
"Rishard Matthews - TEN","WR",10.6372461538462,"157.11",6.90921538461538,"158.33"
"Terrance Williams - DAL","WR",10.5210307692308,"185.25",7.26873076923077,"145.686"
"LeGarrette Blount - NE","RB",9.97850769230769,"144.38",8.96894615384615,"122.34"
"Travis Coons - CLE","K",8.25166923076923,"null",8.25166923076923,"160.38"
"Browns - CLE","DST",6.82654615384615,"null",6.82654615384615,"160.37"
"Kenny Britt - LA","WR",10.2416384615385,"237.88",6.8926,"188.0267"
"Kyle Rudolph - MIN","TE",9.63097692307692,"199.86",5.96275384615385,"157.3575"
"Devin Funchess - CAR","WR",10.0988538461538,"134.235",6.82407692307692,"137.1917"
"Brock Osweiler - HOU","QB",18.4231769230769,"161.78",17.5462538461538,"146.9975"
"Cowboys - DAL","DST",6.61099230769231,"null",6.61099230769231,"159.47"
"Roberto Aguayo - TB","K",7.99509230769231,"176.555",7.99509230769231,"158.326"
"Cody Parkey - PHI","K",7.99056153846154,"null",7.99056153846154,"160.355"
"Mike Wallace - BAL","WR",10.0293384615385,"171.65",6.80641538461539,"157.024"
"Robert Woods - BUF","WR",10.0057307692308,"213.3",6.40897692307692,"193.3733"
"Clive Walford - OAK","TE",9.46993076923077,"163.08",6.03851538461538,"160.65"
"49ers - SF","DST",6.46579230769231,"null",6.46579230769231,"160.115"
"Anquan Boldin - DET","WR",9.84386923076923,"185.42",6.12153076923077,"157.7"
"Ryan Succop - TEN","K",7.58097692307692,"null",7.58097692307692,"160.41"
"Andrew Franks - MIA","K",7.56670769230769,"null",7.56670769230769,"160.42"
"Kai Forbath - NO","K",7.43371538461538,"null",7.43371538461538,"160.43"
"Cole Beasley - DAL","WR",9.48946923076923,"248",5.81333076923077,"191.88"
"Tyler Boyd - CIN","WR",9.48875384615385,"152.43",6.07958461538461,"153.636"
"Greg Zuerlein - LA","K",7.39905384615385,"null",7.39905384615385,"160.3"
"Will Tye - NYG","TE",8.9602,"189.54",5.4634,"177.54"
"James Starks - GB","RB",9.00526923076923,"160.825",6.82909230769231,"139.75"
"Dorial Green-Beckham - TEN","WR",9.36600769230769,"125.38",6.39682307692308,"124.3733"
"Jermaine Kearse - SEA","WR",9.34137692307692,"221.1",6.18409230769231,"165.3425"
"Jordan Cameron - MIA","TE",8.80539230769231,"188.21",5.47803846153846,"149.795"
"Kendall Wright - TEN","WR",9.28156923076923,"190.57",5.90100769230769,"157.4825"
"Nelson Agholor - PHI","WR",9.27406153846154,"157.46",5.92013846153846,"167.5067"
"Will Fuller - HOU","WR",9.13010769230769,"153.77",5.95198461538462,"143.1"
"Benjamin Watson - BAL","TE",8.60527692307692,"202.53",5.30183846153846,"163.8075"
"Jaelen Strong - HOU","WR",9.09630769230769,"177.37",6.05221538461538,"173.4433"
"Jay Ajayi - MIA","RB",8.655,"99.18",7.03993076923077,"87.5433"
"Jared Cook - GB","TE",8.49026923076923,"170.95",5.51406153846154,"160.916"
"C.J. Prosise - SEA","RB",8.59608461538462,"129.47",5.96076153846154,"123.9267"
"Chris Thompson - WAS","RB",8.57571538461539,"199.65",5.31600769230769,"172.585"
"Derrick Henry - TEN","RB",8.54086153846154,"104.455",7.51065384615385,"101.49"
"Jerick McKinnon - MIN","RB",8.53394615384615,"139.935",5.99602307692308,"141.066"
"Teddy Bridgewater - MIN","QB",17.2217769230769,"154.12",16.2987,"130.9375"
"Jamison Crowder - WAS","WR",8.76959230769231,"198.72",5.13463076923077,"201.3"
"Jacob Tamme - ATL","TE",8.25696153846154,"240.96",4.75560769230769,"160.4"
"Chris Hogan - NE","WR",8.62404615384615,"157.84",5.27998461538462,"153.575"
"Ted Ginn - CAR","WR",8.55403076923077,"195.07",6.04605384615385,"151.1725"
"Vance McDonald - SF","TE",7.92287692307692,"203.95",4.89783076923077,"160.425"
"Tevin Coleman - ATL","RB",8.04110769230769,"108.595",6.27620769230769,"122.4883"
"Shaun Draughn - SF","RB",7.91296153846154,"207.01",5.2347,"185.04"
"Austin Seferian-Jenkins - TB","TE",7.7515,"167.18",5.14322307692308,"150.26"
"Caleb Sturgis - PHI","K",6.15480769230769,"null",6.15480769230769,"160.37"
"Bruce Ellington - SF","WR",8.20823076923077,"160.06",5.16177692307692,"167.0025"
"Brandon LaFell - CIN","WR",8.11364615384615,"224.66",5.30796153846154,"186.96"
"Josh Doctson - WAS","WR",8.09441538461538,"145.105",5.2237,"129.538"
"Javorius Allen - BAL","RB",7.67204615384615,"164.32",5.60291538461539,"146.4375"
"Devontae Booker - DEN","RB",7.60294615384615,"142.66",6.05966923076923,"128.06"
"Davante Adams - GB","WR",7.80598461538462,"176.3",4.77903846153846,"176.6667"
"Jace Amaro - NYJ","TE",7.28464615384615,"234.68",4.53846153846154,"183.75"
"Jordan Howard - CHI","RB",7.37391538461539,"154.35",6.17484615384615,"141.4367"
"Seth Roberts - OAK","WR",7.69792307692308,"245.87",5.0673,"160.435"
"DeAndre Washington - OAK","RB",7.25496923076923,"133.71",5.23953846153846,"140.102"
"Tim Hightower - NO","RB",7.21596153846154,"182.245",5.60016923076923,"169.032"
"Breshad Perriman - BAL","WR",7.56564615384615,"160.47",4.67377692307692,"152.94"
"Albert Wilson - KC","WR",7.55396153846154,"null",4.88043846153846,"160.455"
"Benny Cunningham - LA","RB",7.16906923076923,"248.92",4.4399,"150.93"
"Eddie Royal - CHI","WR",7.52213846153846,"null",4.40366923076923,"160.45"
"Richard Rodgers - GB","TE",7.01726923076923,"205.93",4.33093076923077,"160.52"
"Justin Hardy - ATL","WR",7.49395384615385,"234.25",4.20629230769231,"160.395"
"Jeff Heuerman - DEN","TE",6.95151538461538,"243.69",4.34636153846154,"160.48"
"James Jones - FA","WR",7.30769230769231,"null",4.63846153846154,"136.89"
"Lance Kendricks - LA","TE",6.79459230769231,"null",4.0895,"160.48"
"Cameron Brate - TB","TE",6.75589230769231,"217.28",4.53225384615385,"160.445"
"Sam Bradford - PHI","QB",15.5170307692308,"175.21",14.0631846153846,"191.7933"
"C.J. Spiller - NO","RB",6.79011538461538,"227.21",4.26453846153846,"170.9333"
"Robert Griffin - CLE","QB",15.4707076923077,"169.92",14.6630153846154,"165.79"
"Victor Cruz - NYG","WR",7.1341,"168.89",4.65917692307692,"148.82"
"Quinton Patton - SF","WR",7.07219230769231,"null",4.18933076923077,"160.47"
"Danny Amendola - NE","WR",7.05464615384615,"223.11",4.3091,"159.265"
"Chris Conley - KC","WR",7.00629230769231,"211.19",4.34821538461538,"194.65"
"Rueben Randle - PHI","WR",6.99256153846154,"219.29",4.39046923076923,"187.3333"
"Kenneth Dixon - BAL","RB",6.52393076923077,"142.175",4.93783846153846,"133.675"
"Jarius Wright - MIN","WR",6.73347692307692,"null",4.17997692307692,"160.475"
"Darren McFadden - DAL","RB",6.34096923076923,"198.37",4.63203846153846,"149.296"
"Josh Ferguson - IND","RB",6.32352307692308,"166.525",4.82887692307692,"171.6867"
"Kenny Stills - MIA","WR",6.6356,"264.63",4.32523846153846,"194.8367"
"Wendell Smallwood - PHI","RB",6.05915384615385,"170.43",4.53442307692308,"167.5367"
"Leonte Carroo - MIA","WR",6.36718461538462,"169.45",4.13214615384615,"172.4433"
"Spencer Ware - KC","RB",5.99447692307692,"173.84",5.10896923076923,"158.775"
"Larry Donnell - NYG","TE",5.85524615384615,"null",3.48028461538461,"160.42"
"Paul Perkins - NYG","RB",5.84751538461539,"164.79",4.79452307692308,"143.0267"
"Andrew Hawkins - CLE","WR",6.21175384615385,"null",3.78334615384615,"160.475"
"Chris Johnson - ARI","RB",5.7508,"164.48",4.76772307692308,"144.992"
"Rashad Greene - JAC","WR",6.08169230769231,"259.88",3.7206,"160.48"
"Karlos Williams - BUF","RB",5.6545,"161.455",4.78419230769231,"131.8583"
"Ryan Griffin - HOU","TE",5.50980769230769,"null",3.31314615384615,"160.46"
"Brent Celek - PHI","TE",5.50767692307692,"null",3.40937692307692,"160.385"
"Tyler Higbee - LA","TE",5.4226,"210.97",3.15888461538462,"185.41"
"Garrett Celek - SF","TE",5.37372307692308,"null",3.34777692307692,"160.47"
"Ronnie Hillman - DEN","RB",5.48113076923077,"228.96",4.11757692307692,"177.4275"
"Darren Fells - ARI","TE",5.34790769230769,"null",3.53394615384615,"160.45"
"KaDeem Carey - CHI","RB",5.44056923076923,"256",4.36275384615385,"160.3133"
"Luke Willson - SEA","TE",5.30902307692308,"null",3.41166923076923,"160.2"
"Braxton Miller - HOU","WR",5.76476153846154,"195.69",3.73242307692308,"165.64"
"Andre Ellington - ARI","RB",5.34029230769231,"244.62",3.85873846153846,"174.3133"
"Tajae Sharpe - TEN","WR",5.66674615384615,"185.52",3.58476153846154,"178.1167"
"Cecil Shorts - HOU","WR",5.63922307692308,"null",3.43904615384615,"160.44"
"Mike Tolbert - CAR","RB",5.20163846153846,"null",3.89765384615385,"160.33"
"Charcandrick West - KC","RB",5.18375384615385,"154.705",3.93711538461538,"148.8533"
"Pharoh Cooper - LA","WR",5.52375384615385,"198.68",3.39466153846154,"176.805"
"Hunter Henry - SD","TE",5.02259230769231,"177.55",3.07181538461538,"168.6033"
"Mychal Rivera - OAK","TE",5.0116,"null",2.85718461538462,"160.455"
"Blaine Gabbert - SF","QB",13.7769461538462,"187.44",12.7154076923077,"201.8267"
"Philly Brown - CAR","WR",5.43891538461538,"null",3.52873846153846,"150.84"
"Dexter McCluster - TEN","RB",4.87164615384615,"null",2.96364615384615,"160.47"
"Josh Hill - NO","TE",4.64678461538462,"null",2.66570769230769,"160.46"
"Jack Doyle - IND","TE",4.62752307692308,"null",2.71232307692308,"160.49"
"Jermaine Gresham - ARI","TE",4.61936153846154,"null",2.88800769230769,"160.43"
"Mike Gillislee - BUF","RB",4.64566153846154,"261.53",3.58134615384615,"160.485"
"Jared Goff - LA","QB",13.2509076923077,"161.77",13.2509076923077,"147.7125"
"Terrance West - BAL","RB",4.55112307692308,"167.96",3.87869230769231,"161.73"
"Cameron Artis-Payne - CAR","RB",4.53076153846154,"208",3.47607692307692,"165.6425"
"Maxx Williams - BAL","TE",4.40123846153846,"225.31",2.50886153846154,"173.2933"
"J.J. Nelson - ARI","WR",4.83751538461538,"239.89",3.37353076923077,"160.265"
"Austin Hooper - ATL","TE",4.34430769230769,"203.11",2.67230769230769,"178.57"
"Kenyan Drake - MIA","RB",4.4462,"204.3",3.23820769230769,"157.015"
"Crockett Gillmore - BAL","TE",4.3051,"null",2.62787692307692,"160.42"
"Jeff Janis - GB","WR",4.77824615384615,"212.06",3.1345,"190.0367"
"Alfred Blue - HOU","RB",4.40338461538462,"261.53",3.57373076923077,"191.66"
"Dontrelle Inman - SD","WR",4.76423846153846,"null",2.90141538461538,"160.49"
"Connor Barth - NO","K",2.69908461538462,"null",2.69908461538462,"136.0033"
"Virgil Green - DEN","TE",4.22586923076923,"248.17",2.37637692307692,"160.3"
"Tyler Ervin - HOU","RB",4.32066153846154,"220.83",3.33623076923077,"180.2325"
"Randy Bullock - NYJ","K",2.57425384615385,"null",2.57425384615385,"156.25"
"Robert Turbin - IND","RB",4.25431538461538,"null",2.98405384615385,"160.47"
"Dwayne Harris - NYG","WR",4.59101538461538,"null",2.96754615384615,"160.415"
"Christine Michael - SEA","RB",4.20294615384615,"176.145",3.32589230769231,"177.6725"
"Alfred Morris - DAL","RB",4.20136923076923,"179.365",3.66236153846154,"145.6417"
"Marcel Reece - OAK","RB",4.11776923076923,"null",2.54560769230769,"160.44"
"DeAndre Smelter - SF","WR",4.4822,"237.52",2.79117692307692,"160.485"
"Marcedes Lewis - JAC","TE",3.98032307692308,"null",2.46557692307692,"160.475"
"Marqise Lee - JAC","WR",4.44730769230769,"267.08",2.80462307692308,"160.47"
"Dezmin Lewis - BUF","WR",4.39157692307692,"null",2.52631538461538,"160.495"
"Khiry Robinson - NYJ","RB",3.96802307692308,"267.19",3.29516923076923,"160.475"
"Tre Mason - LA","RB",3.96553076923077,"null",2.67549230769231,"160.46"
"MyCole Pruitt - MIN","TE",3.82657692307692,"null",2.08175384615385,"160.495"
"Quincy Enunwa - NYJ","WR",4.31607692307692,"null",2.69950769230769,"160.48"
"Tyler Kroft - CIN","TE",3.77625384615385,"null",2.29236153846154,"160.485"
"Ty Montgomery - GB","WR",4.20813076923077,"248.27",2.54686153846154,"160.395"
"Tyrell Williams - SD","WR",4.20093846153846,"233.54",2.79668461538462,"160.49"
"Josh Huff - PHI","WR",4.18031538461538,"null",2.5905,"160.48"
"James White - NE","RB",3.76612307692308,"229.06",2.33933846153846,"160.39"
"Brian Quick - LA","WR",4.1282,"null",2.53247692307692,"160.49"
"Andre Holmes - OAK","WR",4.12001538461538,"null",2.73291538461538,"160.47"
"Niles Paul - WAS","TE",3.61211538461539,"null",2.22193076923077,"160.49"
"Matt Asiata - MIN","RB",3.70962307692308,"null",2.27006153846154,"160.47"
"Jesse James - PIT","TE",3.55782307692308,"230.62",2.06437692307692,"160.4"
"Devin Smith - NYJ","WR",4.02518461538462,"262.94",2.40966923076923,"160.49"
"Steve Johnson - SD","WR",4.01302307692308,"null",2.45399230769231,"160.43"
"Zach Zenner - DET","RB",3.61889230769231,"252.18",2.81806923076923,"160.46"
"Darrius Heyward-Bey - PIT","WR",3.94623846153846,"264.4",2.63112307692308,"160.4"
"Kyle Juszczyk - BAL","RB",3.57245384615385,"null",2.00377692307692,"160.485"
"Mark Sanchez - DEN","QB",12.2704692307692,"209.88",11.3473923076923,"160.235"
"Shaun Suisham - FA","K",1.87951538461538,"null",1.87951538461538,"150.86"
"T.J. Jones - DET","WR",3.93673846153846,"null",2.52633076923077,"150.97"
"Anthony Fasano - TEN","TE",3.42783846153846,"null",2.21353076923077,"160.485"
"Branden Oliver - SD","RB",3.49880769230769,"null",2.42333846153846,"160.475"
"C.J. Fiedorowicz - HOU","TE",3.33656153846154,"null",1.90240769230769,"160.48"
"Shayne Graham - ATL","K",1.74560769230769,"null",1.74560769230769,"139.0833"
"Brandon Coleman - NO","WR",3.80876923076923,"null",2.5662,"160.45"
"Bennie Fowler - DEN","WR",3.63591538461538,"null",2.20108461538462,"160.465"
"Gavin Escobar - DAL","TE",3.13403076923077,"null",1.96957692307692,"160.425"
"Blake Bell - SF","TE",3.08533846153846,"null",1.68698461538462,"160.48"
"Keith Marshall - WAS","RB",3.13597692307692,"193.22",2.54876153846154,"171.8325"
"Ed Dickson - CAR","TE",3.01067692307692,"null",1.85203846153846,"160.45"
"Cody Latimer - DEN","WR",3.49039230769231,"258.77",2.07915384615385,"160.48"
"Nate Washington - NE","WR",3.44649230769231,"null",2.33206153846154,"160.425"
"Dion Sims - MIA","TE",2.89614615384615,"null",1.66013076923077,"160.49"
"Jonathan Grimes - HOU","RB",3.01305384615385,"null",1.94626923076923,"160.485"
"Jordan Norwood - DEN","WR",3.35316923076923,"null",2.08573846153846,"160.47"
"Ryan Hewitt - CIN","TE",2.84660769230769,"null",1.64346923076923,"150.99"
"Brice Butler - DAL","WR",3.33312307692308,"null",2.19228461538462,"160.47"
"Kenny Bell - TB","WR",3.32720769230769,"261.26",2.14206153846154,"160.49"
"Jerome Simpson - SF","WR",3.32122307692308,"null",2.20959230769231,"160.49"
"Brandon Bolden - NE","RB",2.90154615384615,"null",2.16466923076923,"160.445"
"Chris Gragg - BUF","TE",2.76916923076923,"null",1.70091538461538,"160.495"
"Taylor Gabriel - CLE","WR",3.22527692307692,"null",1.86047692307692,"150.98"
"Stevan Ridley - DET","RB",2.82716923076923,"null",2.35466923076923,"160.48"
"Malcolm Mitchell - NE","WR",3.19253076923077,"193.64",1.94465384615385,"179.8867"
"Vernon Davis - WAS","TE",2.67612307692308,"null",1.51643076923077,"160.33"
"Mack Brown - WAS","RB",2.77177692307692,"null",2.43331538461538,"150.99"
"Adam Humphries - TB","WR",3.11461538461538,"null",2.04767692307692,"160.49"
"Marquess Wilson - CHI","WR",3.10662307692308,"null",1.85954615384615,"160.485"
"Craig Stevens - TEN","TE",2.61322307692308,"null",1.76730769230769,"160.49"
"Fitzgerald Toussaint - PIT","RB",2.68557692307692,"null",2.05217692307692,"160.445"
"Rhett Ellison - MIN","TE",2.56198461538462,"null",1.57355384615385,"160.495"
"Louis Murphy - TB","WR",3.02756923076923,"null",1.90383076923077,"150.98"
"Kenbrell Thompkins - NYJ","WR",2.96621538461538,"null",1.79298461538462,"150.99"
"Charles Johnson - MIN","WR",2.95994615384615,"254.04",1.85670769230769,"160.435"
"Fozzy Whittaker - CAR","RB",2.58244615384615,"null",1.87755384615385,"160.46"
"Nick Williams - ATL","WR",2.92074615384615,"null",1.87638461538462,"150.98"
"Antonio Andrews - TEN","RB",2.53696923076923,"null",1.89953076923077,"160.45"
"Paul Richardson - SEA","WR",2.85975384615385,"null",1.74202307692308,"160.44"
"Rashard Higgins - CLE","WR",2.84252307692308,"241.38",1.75633076923077,"174.3133"
"Quan Bray - IND","WR",2.82672307692308,"null",1.85161538461538,"160.495"
"Brandon Pettigrew - DET","TE",2.32993846153846,"null",1.45801538461538,"160.44"
"Jamize Olawale - OAK","RB",2.41640769230769,"null",1.66207692307692,"160.49"
"Ricardo Louis - CLE","WR",2.77262307692308,"null",1.7785,"160.495"
"Taiwan Jones - OAK","RB",2.37678461538462,"null",1.63962307692308,"160.485"
"Rob Housler - CHI","TE",2.20876153846154,"null",1.2432,"160.495"
"Ryan Grant - WAS","WR",2.69622307692308,"null",1.70987692307692,"150.98"
"Cory Harkey - LA","TE",2.14060769230769,"null",1.18031538461538,"150.99"
"Rex Burkhead - CIN","RB",2.21394615384615,"null",1.41273846153846,"160.49"
"Denard Robinson - JAC","RB",2.20091538461538,"null",1.51908461538462,"160.47"
"Andrew Quarless - GB","TE",2.05832307692308,"null",1.1449,"160.49"
"Zach Line - MIN","RB",2.10017692307692,"null",1.60368461538462,"160.485"
"James OShaughnessy - KC","TE",1.96760769230769,"null",1.10716153846154,"160.495"
"Harry Douglas - TEN","WR",2.45490769230769,"null",1.54355384615385,"160.49"
"Lance Dunbar - DAL","RB",2.06458461538462,"null",1.30225384615385,"160.455"
"Dennis Pitta - BAL","TE",1.93868461538462,"null",1.13933076923077,"160.445"
"Patrick DiMarco - ATL","RB",2.02471538461538,"null",1.13673076923077,"150.96"
"Josh Bellamy - CHI","WR",2.35182307692308,"null",1.46779230769231,"150.99"
"Travaris Cadet - NO","RB",1.95584615384615,"null",1.11856923076923,"160.485"
"James Hanna - DAL","TE",1.82566153846154,"null",1.03203076923077,"160.49"
"Jaron Brown - ARI","WR",2.3147,"null",1.52085384615385,"160.485"
"Lee Smith - OAK","TE",1.81285384615385,"null",1.04932307692308,"160.49"
"Jacquizz Rodgers - CHI","RB",1.90594615384615,"null",1.25360769230769,"160.49"
"Jared Abbrederis - GB","WR",2.20827692307692,"268.12",1.3645,"160.405"
"Jeremy Kerley - DET","WR",2.19773076923077,"null",1.44246153846154,"160.495"
"Chris Givens - PHI","WR",2.19296153846154,"null",1.46433076923077,"160.49"
"Leonard Hankerson - BUF","WR",2.18959230769231,"null",1.42515384615385,"160.49"
"Keshawn Martin - NE","WR",2.18867692307692,"null",1.40088461538462,"160.48"
"Terron Ward - ATL","RB",1.80987692307692,"null",1.25477692307692,"160.48"
"Chris Moore - BAL","WR",2.15945384615385,"252.57",1.44628461538462,"160.495"
"Bryan Walters - JAC","WR",2.14803846153846,"null",1.25313846153846,"150.99"
"Jim Dray - BUF","TE",1.65663846153846,"null",1.01771538461538,"160.495"
"DuJuan Harris - SF","RB",1.75674615384615,"null",1.09736923076923,"160.49"
"Michael Hoomanawanui - NO","TE",1.6263,"null",1.05058461538462,"160.475"
"Andre Williams - NYG","RB",1.72446153846154,"null",1.3647,"160.47"
"Mike Thomas - LA","WR",2.07117692307692,"226.94",1.43799230769231,"207.3"
"Garrett Hartley - FA","K",0,"null",0,"150.95"
"Alex Henery - FA","K",0,"null",0,"160.47"
"Billy Cundiff - FA","K",0,"null",0,"150.95"
"Josh Scobee - FA","K",0,"null",0,"150.94"
"Jordan Gay - BUF","K",0,"null",0,"170"
"Patrick Murray - CLE","K",0,"null",0,"160.46"
"Zach Hocker - CIN","K",0,"null",0,"160.465"
"Nate Freese - FA","K",0,"null",0,"160.48"
"Carey Spear - FA","K",0,"null",0,"150.94"
"Kyle Brindza - FA","K",0,"null",0,"150.97"
"Tom Obarski - NYG","K",0,"null",0,"null"
"Reggie Bush - SF","RB",1.67518461538462,"259.94",1.17725384615385,"150.79"
"Bruce Miller - SF","RB",1.67449230769231,"null",1.10543076923077,"150.96"
"Rod Streater - KC","WR",2.03156153846154,"null",1.1763,"150.98"
"Demetrius Harris - KC","TE",1.53723846153846,"null",0.926061538461538,"160.485"
"Donald Brown - NE","RB",1.64226923076923,"null",1.22242307692308,"160.475"
"Mike Thomas - LA","WR",2.00769230769231,"null",1.65384615384615,"150.99"
"Andre Johnson - FA","WR",2.00368461538462,"null",1.29152307692308,"162.7"
"Kelvin Taylor - SF","RB",1.61901538461538,"277.16",1.07716923076923,"160.47"
"Jordan Todman - IND","RB",1.56151538461538,"null",1.06586153846154,"160.49"
"Trey Burton - PHI","TE",1.4391,"null",0.799607692307692,"160.495"
"Stedman Bailey - LA","WR",1.91719230769231,"null",1.20370769230769,"150.98"
"Erik Swoope - IND","TE",1.39564615384615,"null",0.8397,"170"
"Cordarrelle Patterson - MIN","WR",1.88633076923077,"null",1.14673076923077,"160.415"
"Kerwynn Williams - ARI","RB",1.485,"null",1.12336923076923,"150.97"
"Kellen Davis - NYJ","TE",1.2542,"null",0.705453846153846,"160.495"
"Lucky Whitehead - DAL","WR",1.73537692307692,"null",1.33592307692308,"160.425"
"Damien Williams - MIA","RB",1.34548461538462,"null",0.868184615384615,"160.48"
"Jeremy Butler - BAL","WR",1.69598461538462,"null",0.906323076923077,"150.96"
"Andre Roberts - DET","WR",1.64883076923077,"null",1.44873846153846,"150.99"
"Mike Davis - SF","RB",1.27071538461538,"null",0.899346153846154,"160.495"
"Kolby Listenbee - BUF","WR",1.62812307692308,"null",1.0492,"160.495"
"Michael Burton - DET","RB",1.21448461538462,"null",0.736269230769231,"150.99"
"Jonas Gray - JAC","RB",1.16684615384615,"null",1.0005,"160.49"
"Orleans Darkwa - NYG","RB",1.16481538461538,"null",1.01038461538462,"160.485"
"Justin Hunter - TEN","WR",1.5292,"null",1.10290769230769,"160.485"
"Nick Vannett - SEA","TE",1.03715384615385,"null",0.623238461538462,"160.47"
"Jalston Fowler - TEN","RB",1.15297692307692,"null",0.790038461538462,"150.98"
"Justin Perillo - GB","TE",1.01196153846154,"null",0.627446153846154,"160.485"
"Tyler Varga - IND","RB",1.12073076923077,"null",0.888592307692308,"160.495"
"Clay Harbor - NE","TE",0.991976923076923,"null",0.650146153846154,"160.485"
"Aaron Ripkowski - GB","RB",1.10947692307692,"null",0.770276923076923,"160.48"
"Jake Stoneburner - MIA","TE",0.965376923076923,"null",0.665976923076923,"150.99"
"DeAnthony Thomas - KC","WR",1.45634615384615,"null",0.989476923076923,"160.425"
"Alex Collins - SEA","RB",1.07166923076923,"207.96",0.9218,"182.3233"
"Marc Mariani - CHI","WR",1.42843846153846,"null",0.992530769230769,"150.99"
"Logan Paulsen - WAS","TE",0.935715384615385,"null",0.541269230769231,"160.5"
"Troy Niklas - ARI","TE",0.920246153846154,"null",0.593615384615385,"160.49"
"Wes Welker - LA","WR",1.39782307692308,"null",0.664307692307692,"160.45"
"Javontee Herndon - SD","WR",1.39026153846154,"null",1.1505,"160.495"
"Justice Cunningham - LA","TE",0.830192307692308,"null",0.567076923076923,"160.49"
"Jonathan Williams - BUF","RB",0.942715384615385,"218.74",0.705315384615385,"181.9867"
"Devin Hester - ATL","WR",1.30139230769231,"null",1.04413076923077,"160.47"
"Devin Street - DAL","WR",1.29928461538462,"null",0.816707692307692,"150.97"
"Adam Thielen - MIN","WR",1.28389230769231,"null",0.831761538461539,"150.98"
"Daniel Fells - NYG","TE",0.787830769230769,"null",0.431453846153846,"151"
"Kenjon Barner - PHI","RB",0.904576923076923,"null",0.790930769230769,"160.48"
"Jeff Cumberland - SD","TE",0.778553846153846,"null",0.502892307692308,"160.495"
"Griff Whalen - MIA","WR",1.26891538461538,"null",0.7216,"150.99"
"Derek Carrier - WAS","TE",0.774392307692308,"null",0.384938461538462,"160.495"
"Demarcus Robinson - KC","WR",1.26358461538462,"null",0.746476923076923,"160.495"
"C.J. Uzomah - CIN","TE",0.741576923076923,"null",0.499230769230769,"160.495"
"Garrett Graham - DEN","TE",0.739284615384615,"null",0.403192307692308,"160.47"
"Luke Stocker - TB","TE",0.720676923076923,"null",0.415161538461538,"160.495"
"Brandon Tate - CIN","WR",1.20687692307692,"null",0.897246153846154,"160.475"
"Stepfan Taylor - ARI","RB",0.827523076923077,"null",0.595730769230769,"160.495"
"Silas Redd - WAS","RB",0.817069230769231,"null",0.560207692307692,"150.99"
"Austin Johnson - NO","RB",0.804923076923077,"null",0.606546153846154,"150.99"
"E.J. Bibbs - CLE","TE",0.683646153846154,"null",0.362869230769231,"160.495"
"Tommy Bohanon - NYJ","RB",0.798653846153846,"null",0.480215384615385,"150.99"
"Mike James - TB","RB",0.786084615384615,"null",0.568284615384615,"150.99"
"Knile Davis - KC","RB",0.775953846153846,"null",0.602230769230769,"160.475"
"Charone Peake - NYJ","WR",1.14532307692308,"null",0.702138461538462,"160.48"
"Donteea Dye - TB","WR",1.14103846153846,"null",0.741553846153846,"150.99"
"Levine Toilolo - ATL","TE",0.635930769230769,"null",0.4201,"160.49"
"Anthony Sherman - KC","RB",0.745776923076923,"null",0.471076923076923,"160.48"
"Jerell Adams - NYG","TE",0.603746153846154,"null",0.342646153846154,"160.465"
"Will Johnson - NYG","RB",0.708023076923077,"null",0.529861538461538,"150.98"
"Derrick Coleman - SEA","RB",0.684615384615385,"null",0.553846153846154,"160.485"
"Brandon Myers - TB","TE",0.562592307692308,"null",0.379684615384615,"160.495"
"Dwayne Washington - DET","RB",0.672692307692308,"null",0.486976923076923,"160.42"
"Marcus Murphy - NO","RB",0.663684615384615,"null",0.576892307692308,"160.49"
"Juwan Thompson - DEN","RB",0.651876923076923,"null",0.550738461538462,"160.48"
"Moritz Boehringer - MIN","WR",1.01384615384615,"null",0.598461538461538,"150.74"
"Deonte Thompson - CHI","WR",1.01219230769231,"null",0.761069230769231,"150.99"
"Matt LaCosse - NYG","TE",0.520269230769231,"null",0.335746153846154,"170"
"Marcus Easley - BUF","WR",0.999092307692308,"null",0.714007692307692,"151"
"Jason Avant - KC","WR",0.995776923076923,"null",0.462938461538462,"160.495"
"Jerome Felton - BUF","RB",0.620561538461538,"null",0.410192307692308,"150.99"
"Raheem Mostert - CLE","RB",0.619984615384615,"null",0.506353846153846,"160.5"
"Terrell Watson - CLE","RB",0.619230769230769,"264.71",0.480769230769231,"160.495"
"Ben Koyack - JAC","TE",0.480838461538461,"null",0.366276923076923,"160.5"
"Matt Spaeth - FA","TE",0.468661538461538,"null",0.468661538461538,"150.98"
"MarQueis Gray - MIA","TE",0.464707692307692,"null",0.245223076923077,"160.5"
"Marquise Goodwin - BUF","WR",0.945130769230769,"null",0.648930769230769,"150.98"
"David Cobb - TEN","RB",0.556676923076923,"null",0.495138461538462,"160.48"
"Zach Sudfeld - NYJ","TE",0.431953846153846,"null",0.331915384615385,"150.99"
"Josh Boyce - IND","WR",0.921346153846154,"null",0.525407692307692,"160.495"
"Bradley Marquez - LA","WR",0.917746153846154,"null",0.511830769230769,"151"
"Tyreek Hill - KC","WR",0.903453846153846,"null",0.569307692307692,"160.485"
"Corey Fuller - DET","WR",0.898553846153846,"null",0.626407692307692,"150.99"
"Rod Smith - DAL","RB",0.524038461538462,"null",0.524038461538462,"150.99"
"Gerald Christian - ARI","TE",0.3899,"null",0.3899,"160.495"
"James Develin - NE","RB",0.495392307692308,"null",0.346115384615385,"160.495"
"Nic Jacobs - JAC","TE",0.367661538461538,"null",0.198746153846154,"160.495"
"Cooper Helfet - SEA","TE",0.3625,"null",0.309876923076923,"160.49"
"Asante Cleveland - SD","TE",0.353276923076923,"null",0.184446153846154,"160.495"
"Rashad Ross - WAS","WR",0.836838461538462,"null",0.7225,"150.98"
"John Crockett - GB","RB",0.460338461538462,"null",0.282984615384615,"160.48"
"Jerome Cunningham - TEN","TE",0.338484615384615,"null",0.145538461538462,"160.495"
"Thomas Duarte - MIA","TE",0.334661538461538,"null",0.202738461538462,"160.485"
"Kennard Backman - GB","TE",0.332915384615385,"null",0.207946153846154,"160.48"
"Jeremy Ross - NYJ","WR",0.823361538461538,"null",0.659707692307692,"150.99"
"Roy Helu - OAK","RB",0.430123076923077,"null",0.287792307692308,"160.49"
"David Johnson - PIT","TE",0.299246153846154,"null",0.184684615384615,"160.47"
"Lorenzo Taliaferro - BAL","RB",0.418130769230769,"null",0.252684615384615,"160.49"
"Malcolm Johnson - CLE","RB",0.415384615384615,"null",0.415384615384615,"150.99"
"Malcolm Brown - LA","RB",0.414353846153846,"null",0.332869230769231,"160.495"
"Jay Prosch - HOU","RB",0.412138461538462,"null",0.412138461538462,"150.99"
"Daniel Lasco - NO","RB",0.409992307692308,"273.83",0.3232,"160.485"
"Bryce Brown - SEA","RB",0.399415384615385,"null",0.353261538461538,"160.495"
"Keith Mumphery - HOU","WR",0.751223076923077,"null",0.546369230769231,"150.99"
"Matthew Mulligan - FA","TE",0.256892307692308,"null",0.256892307692308,"151"
"Sean McGrath - SD","TE",0.221023076923077,"null",0.115776923076923,"160.495"
"Nick Boyle - BAL","TE",0.206515384615385,"null",0.108853846153846,"160.495"
"Jordan Payton - CLE","WR",0.686853846153846,"null",0.414146153846154,"160.475"
"Cameron Meredith - CHI","WR",0.685646153846154,"null",0.4665,"150.99"
"Akeem Hunt - HOU","RB",0.312653846153846,"null",0.199607692307692,"160.495"
"Kenny Lawler - SEA","WR",0.6822,"null",0.596453846153846,"190.8867"
"Michael Campanaro - BAL","WR",0.679038461538462,"null",0.407769230769231,"150.99"
"Daryl Richardson - PIT","RB",0.305223076923077,"null",0.290930769230769,"160.495"
"Jonathan Krause - PHI","WR",0.656123076923077,"null",0.656123076923077,"150.99"
"Kendall Gaskins - SF","RB",0.282646153846154,"null",0.167215384615385,"150.98"
"Bobby Rainey - NYG","RB",0.265007692307692,"null",0.243569230769231,"160.495"
"Kapri Bibbs - DEN","RB",0.259323076923077,"null",0.259323076923077,"160.49"
"John Kuhn - GB","RB",0.250992307692308,"null",0.167676923076923,"160.475"
"Gus Johnson - ATL","RB",0.246015384615385,"null",0.140115384615385,"150.99"
"Andre Caldwell - DET","WR",0.609992307692308,"null",0.433530769230769,"150.97"
"Nikita Whitlock - NYG","RB",0.222461538461538,"null",0.222461538461538,"150.99"
"Cedric Peerman - CIN","RB",0.215715384615385,"null",0.194276923076923,"160.495"
"DeVier Posey - DEN","WR",0.586046153846154,"null",0.586046153846154,"150.99"
"Eric Weems - ATL","WR",0.585946153846154,"null",0.583561538461538,"150.98"
"Myles White - NYG","WR",0.574084615384615,"null",0.574084615384615,"150.97"
"Phillip Supernaw - TEN","TE",0.0778230769230769,"null",0.0730538461538461,"160.49"
"Brandon Williams - SEA","TE",0.0765461538461538,"null",0.0765461538461538,"160.48"
"Marquez North - LA","WR",0.561784615384615,"null",0.325423076923077,"150.98"
"Stephen Hill - CAR","WR",0.557530769230769,"null",0.359653846153846,"150.99"
"Zac Stacy - FA","RB",0.173576923076923,"null",0.173576923076923,"150.98"
"Kaelin Clay - BAL","WR",0.542715384615385,"null",0.542715384615385,"150.99"
"Kevin Smith - SEA","WR",0.5392,"null",0.427246153846154,"150.98"
"Geoff Swaim - DAL","TE",0.0454461538461538,"null",0.0454461538461538,"160.495"
"Corey Grant - JAC","RB",0.158807692307692,"null",0.158807692307692,"160.495"
"Bernard Pierce - NYJ","RB",0.157115384615385,"null",0.0893230769230769,"160.495"
"Roosevelt Nix - PIT","RB",0.154484615384615,"null",0.0781076923076923,"170"
"George Winn - DET","RB",0.153838461538462,"null",0.08,"151"
"Brenton Bersin - CAR","WR",0.5102,"null",0.348223076923077,"150.99"
"Nick OLeary - BUF","TE",0.0147692307692308,"null",0.0100076923076923,"160.495"
"Randall Telfer - CLE","TE",0.00452307692307692,"null",0.00214615384615385,"160.495"
"Fred Davis - FA","TE",0,"null",0,"150.99"
"John Carlson - FA","TE",0,"null",0,"151"
"James Casey - FA","TE",0,"null",0,"151"
"Chase Coffman - IND","TE",0,"null",0,"160.495"
"John Phillips - SD","TE",0,"null",0,"150.98"
"Bear Pascoe - NE","TE",0,"null",0,"160.495"
"Anthony McCoy - SEA","TE",0,"null",0,"160.495"
"Tony Moeaki - CHI","TE",0,"null",0,"160.495"
"Michael Palmer - FA","TE",0,"null",0,"150.99"
"Scott Chandler - FA","TE",0,"null",0,"150.94"
"Clark Harris - CIN","TE",0,"null",0,"170"
"Owen Daniels - FA","TE",0,"null",0,"150.78"
"Richard Gordon - BAL","TE",0,"null",0,"150.99"
"David Ausberry - FA","TE",0,"null",0,"150.99"
"Alex Smith - WAS","TE",0,"null",0,"160.495"
"Zach Miller - FA","TE",0,"null",0,"150.98"
"Orson Charles - FA","TE",0,"null",0,"150.99"
"Chase Ford - FA","TE",0,"null",0,"150.99"
"Adrien Robinson - FA","TE",0,"null",0,"150.99"
"Brandon Bostick - FA","TE",0,"null",0,"150.99"
"Michael Williams - FA","TE",0,"null",0,"150.97"
"Chris Pantale - PHI","TE",0,"null",0,"170"
"Joseph Fauria - FA","TE",0,"null",0,"151"
"Nick Kasa - FA","TE",0,"null",0,"151"
"Ifeanyi Momah - ARI","TE",0,"null",0,"150.99"
"Brian Leonhardt - OAK","TE",0,"null",0,"150.99"
"Tim Wright - DET","TE",0,"null",0,"160.48"
"Arthur Lynch - FA","TE",0,"null",0,"null"
"Blake Annen - BUF","TE",0,"null",0,"170"
"Marcel Jensen - WAS","TE",0,"null",0,"160.495"
"Gator Hoskins - FA","TE",0,"null",0,"150.99"
"Xavier Grimble - PIT","TE",0,"null",0,"150.98"
"RaShaun Allen - SEA","TE",0,"null",0,"150.97"
"A.J. Derby - NE","TE",0,"null",0,"150.99"
"Rory Anderson - SF","TE",0,"null",0,"150.98"
"Beau Gardner - ATL","TE",0,"null",0,"null"
"Khari Lee - CHI","TE",0,"null",0,"170"
"Gabe Holmes - OAK","TE",0,"null",0,"null"
"Wes Saxton - NYJ","TE",0,"null",0,"160.5"
"Mitchell Henry - GB","TE",0,"null",0,"150.99"
"Brian Parker - KC","TE",0,"null",0,"null"
"Rico Gathers - DAL","TE",0,"null",0,"150.98"
"Greg Salas - BUF","WR",0.482430769230769,"null",0.3034,"151"
"Chris Matthews - BAL","WR",0.478407692307692,"null",0.249738461538462,"150.96"
"Chase Reynolds - LA","RB",0.0770692307692308,"null",0.0770692307692308,"null"
"Darren Waller - BAL","WR",0.445384615384615,"null",0.222307692307692,"150.99"
"Kevin Norwood - CAR","WR",0.4394,"null",0.281523076923077,"150.99"
"Brandon Wegher - CAR","RB",0.0574076923076923,"null",0.0550230769230769,"160.495"
"George Atkinson - OAK","RB",0.0128615384615385,"null",0.0128615384615385,"160.495"
"Peyton Barber - TB","RB",0.0100307692307692,"null",0.0100307692307692,"150.99"
"Marlon Moore - CLE","WR",0.380646153846154,"null",0.232961538461538,"150.99"
"Trey Williams - IND","RB",0.00166923076923077,"null",0.00166923076923077,"150.99"
"Ray Rice - FA","RB",0,"null",0,"160.46"
"Jed Collins - FA","RB",0,"null",0,"151"
"Shonn Greene - FA","RB",0,"null",0,"151"
"Knowshon Moreno - FA","RB",0,"null",0,"160.495"
"Chris Ogbonnaya - FA","RB",0,"null",0,"151"
"Erik Lorig - FA","RB",0,"null",0,"150.99"
"Joique Bell - FA","RB",0,"null",0,"150.87"
"Anthony Dixon - FA","RB",0,"null",0,"150.99"
"Jonathan Dwyer - FA","RB",0,"null",0,"150.99"
"Toby Gerhart - FA","RB",0,"null",0,"150.99"
"Deji Karim - FA","RB",0,"null",0,"151"
"Kendall Hunter - NO","RB",0,"null",0,"160.495"
"Daniel Thomas - MIA","RB",0,"null",0,"160.49"
"Ahmad Bradshaw - IND","RB",0,"null",0,"160.475"
"Brian Leonard - FA","RB",0,"null",0,"151"
"Marshawn Lynch - FA","RB",0,"null",0,"130.43"
"Steven Jackson - NE","RB",0,"null",0,"160.48"
"Ronnie Brown - FA","RB",0,"null",0,"151"
"Fred Jackson - SEA","RB",0,"null",0,"160.485"
"Pierre Thomas - FA","RB",0,"null",0,"150.98"
"Jackie Battle - FA","RB",0,"null",0,"151"
"Darrel Young - WAS","RB",0,"null",0,"150.99"
"John Conner - FA","RB",0,"null",0,"150.99"
"Tyler Clutts - FA","RB",0,"null",0,"151"
"Will Tukuafu - SEA","RB",0,"null",0,"null"
"Robert Hughes - FA","RB",0,"null",0,"150.99"
"Henry Hynoski - FA","RB",0,"null",0,"null"
"Cyrus Gray - DEN","RB",0,"null",0,"150.99"
"Dan Herron - BUF","RB",0,"null",0,"160.49"
"Isaiah Pead - MIA","RB",0,"null",0,"160.495"
"Vick Ballard - FA","RB",0,"null",0,"150.99"
"Trent Richardson - BAL","RB",0,"null",0,"160.455"
"LaMichael James - FA","RB",0,"null",0,"150.99"
"Chris Polk - HOU","RB",0,"null",0,"160.49"
"Edwin Baker - FA","RB",0,"null",0,"null"
"Joe Banyard - JAC","RB",0,"null",0,"151"
"Jorvorskie Lane - FA","RB",0,"null",0,"150.99"
"Cameron Marshall - FA","RB",0,"null",0,"null"
"Montee Ball - FA","RB",0,"null",0,"160.485"
"Joseph Randle - FA","RB",0,"null",0,"160.48"
"Matthew Tucker - PHI","RB",0,"null",0,"null"
"Michael Cox - FA","RB",0,"null",0,"150.99"
"Lache Seastrunk - FA","RB",0,"null",0,"151"
"Storm Johnson - TB","RB",0,"null",0,"150.99"
"Dri Archer - BUF","RB",0,"null",0,"160.475"
"Tyler Gaffney - NE","RB",0,"null",0,"160.495"
"Bishop Sankey - TEN","RB",0,"null",0,"160.48"
"Marion Grice - FA","RB",0,"null",0,"151"
"Rajion Neal - FA","RB",0,"null",0,"151"
"James Wilder - CIN","RB",0,"null",0,"null"
"Trey Watts - LA","RB",0,"null",0,"150.99"
"Darrin Reaves - KC","RB",0,"null",0,"150.99"
"Senorise Perry - CHI","RB",0,"null",0,"null"
"Josh Harris - PIT","RB",0,"null",0,"151"
"Terrence Magee - BAL","RB",0,"null",0,"null"
"Kenny Hilliard - HOU","RB",0,"null",0,"160.5"
"Joey Iosefa - NE","RB",0,"null",0,"160.495"
"Jarryd Hayne - FA","RB",0,"null",0,"150.95"
"Josh Robinson - FA","RB",0,"null",0,"150.99"
"Alonzo Harris - FA","RB",0,"null",0,"150.99"
"Michael Dyer - FA","RB",0,"null",0,"151"
"Dreamius Smith - SD","RB",0,"null",0,"160.49"
"Jahwan Edwards - SD","RB",0,"null",0,"null"
"Marshaun Coprich - NYG","RB",0,"null",0,"150.99"
"Devon Johnson - CAR","RB",0,"null",0,"160.49"
"Roger Lewis - NYG","WR",0.3461,"null",0.198376923076923,"160.49"
"Frankie Hammond - KC","WR",0.338330769230769,"null",0.309746153846154,"150.99"
"Geremy Davis - NYG","WR",0.335638461538461,"null",0.217769230769231,"150.99"
"Walt Powell - BUF","WR",0.320253846153846,"null",0.320253846153846,"151"
"Trevor Davis - GB","WR",0.319730769230769,"null",0.208638461538462,"160.485"
"Russell Shepard - TB","WR",0.308053846153846,"null",0.222084615384615,"150.99"
"Jakeem Grant - MIA","WR",0.306884615384615,"null",0.188853846153846,"160.49"
"Eric Rogers - SF","WR",0.303892307692308,"null",0.173053846153846,"160.47"
"Aaron Burbridge - SF","WR",0.296815384615385,"null",0.185730769230769,"160.495"
"Cody Core - CIN","WR",0.293761538461538,"null",0.167138461538462,"160.495"
"Kasen Williams - SEA","WR",0.283623076923077,"null",0.186423076923077,"null"
"Glenn Winston - CLE","RB",-0.0990923076923077,"null",-0.1253,"160.495"
"Eli Rogers - PIT","WR",0.233315384615385,"null",0.106546153846154,"160.495"
"Hakeem Nicks - NO","WR",0.205715384615385,"null",0.205715384615385,"160.485"
"Matt Hazel - MIA","WR",0.188246153846154,"null",0.0531846153846154,"151"
"Jake Kumerow - CIN","WR",0.156569230769231,"null",0.0975538461538462,"151"
"Marcus Harris - NYG","WR",0.156153846153846,"null",0.0561538461538462,"null"
"James Wright - CIN","WR",0.154115384615385,"null",0.104092307692308,"150.98"
"Brittan Golden - ARI","WR",0.1258,"null",0.104361538461538,"150.99"
"DeAndrew White - SF","WR",0.125092307692308,"null",0.125092307692308,"150.99"
"Jalin Marshall - NYJ","WR",0.114561538461538,"null",0.0729,"160.485"
"Seyi Ajirotutu - PHI","WR",0.0871923076923077,"null",0.0318307692307692,"150.99"
"Matthew Slater - NE","WR",0.0621923076923077,"null",0.0621923076923077,"150.99"
"Mario Alford - CIN","WR",0.0590769230769231,"null",0.0328692307692308,"150.98"
"Donnie Avery - FA","WR",0,"null",0,"150.99"
"Percy Harvin - FA","WR",0,"null",0,"null"
"Brandon Gibson - NE","WR",0,"null",0,"151"
"Brian Hartline - FA","WR",0,"null",0,"150.98"
"Trindon Holliday - FA","WR",0,"null",0,"151"
"Arrelious Benn - JAC","WR",0,"null",0,"null"
"Riley Cooper - FA","WR",0,"null",0,"150.98"
"Jacoby Ford - FA","WR",0,"null",0,"150.99"
"Preston Parker - FA","WR",0,"null",0,"151"
"Jerrel Jernigan - FA","WR",0,"null",0,"151"
"Greg Little - FA","WR",0,"null",0,"151"
"Ricardo Lockette - FA","WR",0,"null",0,"150.95"
"Aldrick Robinson - FA","WR",0,"null",0,"151"
"Tandon Doss - FA","WR",0,"null",0,"151"
"Dwayne Bowe - FA","WR",0,"null",0,"150.98"
"Jacoby Jones - FA","WR",0,"null",0,"150.96"
"Miles Austin - FA","WR",0,"null",0,"150.96"
"Marques Colston - FA","WR",0,"null",0,"150.94"
"Derek Hagan - FA","WR",0,"null",0,"151"
"Greg Jennings - FA","WR",0,"null",0,"150.94"
"Kris Durham - FA","WR",0,"null",0,"151"
"Jerricho Cotchery - FA","WR",0,"null",0,"150.97"
"Josh Cribbs - FA","WR",0,"null",0,"150.99"
"Lance Moore - FA","WR",0,"null",0,"150.98"
"Roddy White - FA","WR",0,"null",0,"150.9"
"Santonio Holmes - FA","WR",0,"null",0,"150.99"
"David Nelson - PIT","WR",0,"null",0,"151"
"Mike Williams - KC","WR",0,"null",0,"150.99"
"Vincent Brown - NO","WR",0,"null",0,"150.99"
"Drew Davis - FA","WR",0,"null",0,"150.98"
"Jarrett Boykin - BUF","WR",0,"null",0,"151"
"LaVon Brazill - FA","WR",0,"null",0,"151"
"Ryan Broyles - FA","WR",0,"null",0,"150.99"
"LaRon Byrd - FA","WR",0,"null",0,"null"
"Juron Criner - FA","WR",0,"null",0,"151"
"T.J. Graham - PHI","WR",0,"null",0,"150.98"
"Junior Hemingway - FA","WR",0,"null",0,"null"
"A.J. Jenkins - FA","WR",0,"null",0,"150.99"
"Chris Owusu - NYJ","WR",0,"null",0,"151"
"Nick Toon - FA","WR",0,"null",0,"151"
"Justin Blackmon - JAC","WR",0,"null",0,"160.485"
"Brian Tyms - IND","WR",0,"null",0,"150.99"
"Nathan Palmer - CHI","WR",0,"null",0,"null"
"Saalim Hakim - FA","WR",0,"null",0,"null"
"Mike Brown - FA","WR",0,"null",0,"151"
"Damaris Johnson - FA","WR",0,"null",0,"150.98"
"Cobi Hamilton - FA","WR",0,"null",0,"null"
"Tavarres King - NYG","WR",0,"null",0,"150.99"
"Chris Harper - FA","WR",0,"null",0,"151"
"Aaron Dobson - NE","WR",0,"null",0,"160.485"
"Rodney Smith - FA","WR",0,"null",0,"null"
"Marlon Brown - DEN","WR",0,"null",0,"151"
"Justin Brown - FA","WR",0,"null",0,"151"
"Kevin Dorsey - NE","WR",0,"null",0,"151"
"Martavis Bryant - PIT","WR",0,"null",0,"159.95"
"Shaq Evans - JAC","WR",0,"null",0,"null"
"Robert Herron - FA","WR",0,"null",0,"151"
"Isaiah Burse - DEN","WR",0,"null",0,"151"
"Freddie Martino - ATL","WR",0,"null",0,"null"
"Kain Colter - FA","WR",0,"null",0,"null"
"Seantavius Jones - KC","WR",0,"null",0,"150.99"
"Corey Washington - FA","WR",0,"null",0,"151"
"Tony Washington - FA","WR",0,"null",0,"150.99"
"Tre McBride - TEN","WR",0,"null",0,"160.495"
"DaRon Brown - KC","WR",0,"null",0,"150.99"
"Duron Carter - FA","WR",0,"null",0,"151"
"Evan Spencer - TB","WR",0,"null",0,"151"
"Neal Sterling - JAC","WR",0,"null",0,"151"
"Andre Debose - FA","WR",0,"null",0,"151"
"DeAndre Carter - NE","WR",0,"null",0,"150.99"
"Antwan Goodley - DAL","WR",0,"null",0,"null"
"Levi Norwood - CHI","WR",0,"null",0,"null"
"Jaxon Shipley - FA","WR",0,"null",0,"150.99"
"Jordan Taylor - DEN","WR",0,"null",0,"160.49"
"Chris Harper - NE","WR",0,"null",0,"150.99"
"Josh Harper - OAK","WR",0,"null",0,"151"
"Jordan Leslie - MIN","WR",0,"null",0,"null"
"Rasheed Bailey - JAC","WR",0,"null",0,"null"
"Devante Davis - FA","WR",0,"null",0,"151"
"Rannell Hall - CLE","WR",0,"null",0,"null"
"Tyler Murphy - MIA","WR",0,"null",0,"null"
"Chandler Worthy - NYJ","WR",0,"null",0,"null"
"R.J. Harris - NO","WR",0,"null",0,"null"
"Deon Long - TEN","WR",0,"null",0,"null"
"Andrew Turzilli - TEN","WR",0,"null",0,"null"
"Austin Willis - FA","WR",0,"null",0,"151"
"Titus Davis - NYJ","WR",0,"null",0,"null"
"Austin Hill - FA","WR",0,"null",0,"null"
"Darius Jennings - CLE","WR",0,"null",0,"150.98"
"Daniel Brown - BAL","WR",0,"null",0,"150.98"
"Shakim Phillips - PIT","WR",0,"null",0,"null"
"Anthony Dable - NYG","WR",0,"null",0,"null"
"Daniel Braverman - CHI","WR",0,"257.57",0,"160.495"
"Devon Cajuste - SF","WR",0,"null",0,"150.99"
"D.J. Foster - NE","WR",0,"null",0,"150.98"
"Andy Jones - DAL","WR",0,"null",0,"150.97"
"Keyarris Garrett - CAR","WR",0,"null",0,"187.44"
"Vince Mayle - DAL","WR",-0.00356923076923077,"null",-0.00356923076923077,"150.99"
"Dres Anderson - SF","WR",-0.00692307692307692,"null",-0.00692307692307692,"null"
"Colin Kaepernick - SF","QB",5.96446153846154,"201.49",5.77984615384615,"181.24"
"Jimmy Garoppolo - NE","QB",5.29487692307692,"210.69",5.01795384615385,"199.5067"
"Kellen Moore - DAL","QB",4.84408461538462,"null",3.8287,"160.48"
"Josh McCown - CLE","QB",4.53402307692308,"null",3.86479230769231,"160.465"
"Case Keenum - LA","QB",4.37866153846154,"null",3.96327692307692,"160.485"
"Carson Wentz - PHI","QB",3.78215384615385,"172.28",3.78215384615385,"160.6"
"Paxton Lynch - DEN","QB",3.72962307692308,"186.18",3.72962307692308,"168.4567"
"Geno Smith - NYJ","QB",2.45754615384615,"null",2.04216153846154,"160.435"
"Brian Hoyer - CHI","QB",2.26926153846154,"null",1.92310769230769,"160.47"
"Trevor Siemian - DEN","QB",1.70204615384615,"null",1.67896923076923,"160.465"
"Colt McCoy - WAS","QB",1.3524,"null",1.14470769230769,"160.475"
"Brandon Weeden - HOU","QB",1.28745384615385,"null",1.07976153846154,"160.48"
"AJ McCarron - CIN","QB",1.14898461538462,"null",0.964369230769231,"160.465"
"Chase Daniel - PHI","QB",1.02247692307692,"null",1.02247692307692,"160.49"
"Cody Kessler - CLE","QB",1.0202,"null",0.835584615384615,"160.49"
"Matt Cassel - TEN","QB",0.978661538461538,"null",0.909430769230769,"160.475"
"Dak Prescott - DAL","QB",0.953792307692308,"245.24",0.953792307692308,"160.365"
"Mike Glennon - TB","QB",0.895961538461538,"null",0.7575,"160.495"
"Dan Orlovsky - DET","QB",0.813253846153846,"null",0.674792307692308,"160.49"
"Drew Stanton - ARI","QB",0.807730769230769,"null",0.7385,"160.485"
"Matt McGloin - OAK","QB",0.721469230769231,"null",0.583007692307692,"160.49"
"Bruce Gradkowski - PIT","QB",0.696976923076923,"null",0.6739,"160.475"
"EJ Manuel - BUF","QB",0.667192307692308,"null",0.667192307692308,"160.475"
"Shaun Hill - MIN","QB",0.609423076923077,"null",0.540192307692308,"160.5"
"Ryan Mallett - BAL","QB",0.554438461538462,"null",0.485207692307692,"160.48"
"Ryan Nassib - NYG","QB",0.451807692307692,"null",0.428730769230769,"160.49"
"Scott Tolzien - IND","QB",0.433461538461538,"null",0.364230769230769,"160.49"
"Chad Henne - JAC","QB",0.424884615384615,"null",0.401807692307692,"160.5"
"Austin Davis - CLE","QB",0.405076923076923,"null",0.335846153846154,"160.49"
"Landry Jones - PIT","QB",0.378969230769231,"null",0.378969230769231,"160.485"
"Kellen Clemens - SD","QB",0.378446153846154,"null",0.355369230769231,"160.495"
"Tarvaris Jackson - SEA","QB",0.218923076923077,"null",0.218923076923077,"160.49"
"Zach Mettenberger - SD","QB",0.210553846153846,"null",0.210553846153846,"160.495"
"Tom Savage - HOU","QB",0.205415384615385,"null",0.205415384615385,"160.495"
"Derek Anderson - CAR","QB",0.195730769230769,"null",0.195730769230769,"160.475"
"Matt Moore - MIA","QB",0.186746153846154,"null",0.186746153846154,"160.495"
"Cardale Jones - BUF","QB",0.1656,"275.39",0.1656,"160.46"
"Brett Hundley - GB","QB",0.128415384615385,"null",0.128415384615385,"160.485"
"Nick Foles - FA","QB",0.126361538461538,"null",0.126361538461538,"150.87"
"Luke McCown - NO","QB",0.104092307692308,"null",0.104092307692308,"160.49"
"Garrett Grayson - NO","QB",0.0813307692307692,"null",0.0813307692307692,"160.495"
"Aaron Murray - KC","QB",0.0798923076923077,"null",0.0798923076923077,"160.49"
"Tyler Bray - KC","QB",0.0784230769230769,"null",0.0784230769230769,"170"
"Joe Webb - CAR","QB",0.0765461538461538,"null",0.0765461538461538,"160.485"
"Matt Barkley - ARI","QB",0.0732,"null",0.0732,"160.495"
"Matt Schaub - ATL","QB",0.0582230769230769,"null",0.0351461538461538,"160.485"
"Bryce Petty - NYJ","QB",0.0537461538461538,"null",0.0537461538461538,"160.495"
"T.J. Yates - HOU","QB",0.0364,"null",0.0364,"160.49"
"Connor Cook - OAK","QB",0.0341615384615385,"null",0.0341615384615385,"160.46"
"Jacoby Brissett - NE","QB",0.0232307692307692,"null",0.0232307692307692,"160.49"
"Christian Hackenberg - NYJ","QB",0.0144615384615385,"265.53",0.0144615384615385,"160.48"
"Josh Johnson - BAL","QB",0,"null",0,"160.49"
"Josh Freeman - FA","QB",0,"null",0,"150.99"
"Jimmy Clausen - FA","QB",0,"null",0,"150.99"
"Thad Lewis - SF","QB",0,"null",0,"160.49"
"Tim Tebow - FA","QB",0,"null",0,"170"
"Christian Ponder - FA","QB",0,"null",0,"150.99"
"Charlie Whitehurst - IND","QB",0,"null",0,"160.5"
"Michael Vick - FA","QB",0,"null",0,"150.73"
"Jordan Palmer - FA","QB",0,"null",0,"150.98"
"Ryan Lindley - FA","QB",0,"null",0,"150.99"
"Matt Simms - ATL","QB",0,"null",0,"160.5"
"Matt Blanchard - FA","QB",0,"null",0,"null"
"Zac Dysert - MIA","QB",0,"null",0,"170"
"Ryan Griffin - TB","QB",0,"null",0,"170"
"Johnny Manziel - FA","QB",0,"null",0,"150.8"
"David Fales - CHI","QB",0,"null",0,"160.495"
"Logan Thomas - NYG","QB",0,"null",0,"160.495"
"Keith Wenning - CIN","QB",0,"null",0,"170"
"Garrett Gilbert - FA","QB",0,"null",0,"null"
"Bryn Renner - FA","QB",0,"null",0,"null"
"Connor Shaw - CLE","QB",0,"null",0,"150.99"
"Stephen Morris - IND","QB",0,"null",0,"170"
"Dustin Vaughan - DAL","QB",0,"null",0,"150.99"
"Sean Mannion - LA","QB",0,"null",0,"160.49"
"Kevin Hogan - KC","QB",0,"null",0,"160.495"
"Matt Flynn - NO","QB",-0.00954615384615385,"null",-0.00954615384615385,"160.495"
"Sean Renfree - ATL","QB",-0.0233923076923077,"null",-0.0233923076923077,"160.495"
